{
    "development": {
        "mongo": {
            "url": "mongodb://127.0.0.1:27017",
            "username": "",
            "password": ""
        },
        "adminUser": {
            "email": "dakota@enmasse.com",
            "password": "P@ssword"
        },
        "bcrypt": {
            "salt": "$2a$10$K2Ezzk/w1xcDvMymI9Oqbu"
        },
        "api": {
            "url": "milestone-cs.int.qcgd.net"
        },
        "ssl": {
            "key": "key.pem",
            "cert": "key-cert.pem"
        }
    },

    "production": {
        "mongo": {
            "url": "mongodb://127.0.0.1:27017",
            "username": "",
            "password": ""
        },
        "adminUser": {
            "email": "dakota@enmasse.com",
            "password": "P@ssword"
        },
        "bcrypt": {
            "salt": "$2a$10$K2Ezzk/w1xcDvMymI9Oqbu"
        },
        "api": {
            "url": "milestone-cs.int.qcgd.net"
        },
        "ssl": {
            "key": "key.pem",
            "cert": "key-cert.pem"
        }
    }
}